ID,Authority,Requirement,Surface,Specification,Acceptance proof to build,Limit,Implementation result,Implementation evidence,Remaining limit
ES1,Casebook p9 / KQ1 p10,Governed dashboard rationalization,Data & KPI Map,SOLUTION_SPEC sections2-3,Open source catalog/KPI lineage and proposed consolidation,No actual dashboard inventory; no eliminated-dashboard count,PASS,src/components/data-map.tsx; screenshots/data-1440.png,Dashboard inventory unknown; consolidation proposed
KQ1a,Casebook p10,Data source mapping and consistent KPI definitions,Data & KPI Map,DATA_CONTRACTS; DATA_RULES,Each KPI resolves to file/location/units/period/proposed owner,Owners are proposed,PASS,src/components/data-map.tsx; src/components/ui.tsx; tests/browser.spec.ts,Proposed owner roles only
ES2,Casebook p9 / KQ2 p10,Executive single pane of glass,Executive Overview,SOLUTION_SPEC section3,Scope-aware portfolio plus selected operational scenario,Different asset months are not concurrent,PASS,src/components/overview.tsx; screenshots/overview-1440.png,Distinct asset windows are not simultaneous
KQ2a,Casebook p10,Energy forecasting,Executive Overview utility illustration,SOLUTION_SPEC section4,Synthetic history and persistence forecast with assumptions,No real utility baseline or forecast accuracy,PASS — illustration,src/lib/utilities.ts; src/components/utilities.tsx; tests/domain.test.ts,Real utility baseline and evaluated forecast accuracy unavailable
KQ2b,Casebook p10,Similar-incident retrieval,Investigation,SOLUTION_SPEC section3,Search 380 rows by component/mechanism/context,Only five detailed reports,PASS,src/lib/domain.ts; src/components/investigation.tsx; tests/domain.test.ts,Only five detailed reports
KQ2c,Casebook p10,AI-based probable root cause indication,Investigation,SOLUTION_SPEC sections3/5,Eligible evidence/hypotheses/citations/contradictions,Known outcomes labeled historical; no certainty claim,PASS — replay; live NOT-TESTED,src/lib/analysis.ts; src/lib/evidence.ts; tests/domain.test.ts,Historical findings labeled; missing live key/model
ES3,Casebook p9,Root cause support using history/deviations/patterns,Investigation,DATA_RULES; DATA_CONTRACTS,Weekly/hourly charts kept separate; engineer review,Source discrepancies remain visible,PASS,src/components/chart.tsx; src/components/evidence-panels.tsx; src/components/investigation.tsx,Engineering validation required; conflicts preserved
KQ3a,Casebook p10,Problem tank and alert priority engine,Problem Tank,SOLUTION_SPEC section3,Explain severity/criticality/eligible risk ordering and episodes,Proposed policy; no invented score,PASS,src/lib/domain.ts; src/components/problems.tsx; tests/browser.spec.ts,Proposed policy; weekly classifications are not notifications
ES4,Casebook p9 / KQ3 p10,Action recommendation/ownership/guidance/progress,Action Tracker,SOLUTION_SPEC section3,Approve action; assign simulated owner/date; verify closure,No live maintenance execution,PASS,src/lib/actions.ts; src/components/actions.tsx; screenshots/ko-verified-action.png,Simulated roles and text evidence; no real execution
KQ3b,Casebook p10,Translate AI insights to tracked actions,Investigation -> Action Tracker,ACCEPTANCE,Action links to reviewed hypothesis/evidence; history persists,Historical CAPA snapshots remain unchanged,PASS,src/components/investigation.tsx; src/components/actions.tsx; tests/browser.spec.ts,Historical snapshots read-only
DATA1,Baseline and supplemental note,All five detailed asset scenarios,All views/source library,source_inventory; assets; RCA originals,720 hourly /26 weekly /11slides per asset,No detailed RCA claimed for other375 rows,PASS,scripts/normalize.py; data/normalized.json; tests/browser.spec.ts,All 55 slides navigable; other375 register-only
DATA2,Original register,All 380 incident rows and exact totals,Overview; Problem Tank; retrieval,verified_metrics; DATA_RULES,Raw source audit and aggregation tests,226 n/a and two reused AR IDs preserved,PASS,scripts/normalize.py; src/lib/domain.ts; tests/domain.test.ts,226n/a and two reused AR pairs preserved
DATA3,Original source conflicts,Units/time/identity/availability caveats,KPI drawers; Investigation,DATA_RULES DQ01-DQ15,Visible conflict cards and invalid-comparison block,No harmonization by guessed conversion,PASS,src/lib/quality.ts; src/components/data-map.tsx; tests/domain.test.ts,Engineering/source-owner resolution remains unknown
AI1,AI reliability design,Temporal evidence gates and fallback,Investigation,DATA_CONTRACTS; ACCEPTANCE,No future/current-event RCA leakage; citations resolve,Live API untested until usable key/model provided,PASS — temporal/fallback; live NOT-TESTED,src/lib/evidence.ts; src/lib/analysis.ts; tests/domain.test.ts,Observation-time availability proxy; real integration unknown
EVAL1,Booklet p11,Problem Understanding & Business Impact,All / team deck,RUBRIC_AND_DIFFERENTIATION; IMPLEMENTATION_ROADMAP,Pain points/evidence/pilot metric definitions,No ROI/reduction results provided,PASS — prototype support,SOURCE_AND_ASSUMPTION_NOTES.md; src/components/data-map.tsx,No ROI or measured improvement results
EVAL2,Booklet p11,Solution Design & Prototype Quality,All five views,ACCEPTANCE,Working navigation/context/loop plus inspected screenshots,Pending executing Codex,PASS,verification/browser-results.json; screenshots/; tests/browser.spec.ts,Chromium/screenshots only; no competition score
EVAL3,Booklet p11,Presentation Quality Technical,Team deck/video,SOLUTION_SPEC section6; guidePDF,Clear English seven-slide story and three-minute walkthrough,"Team deliverable, not authored here",TEAM DELIVERABLE,WALKTHROUGH.md,Slides/video and spoken duration not authored/measured
EVAL4,Booklet p11,Feasibility & Roadmap,App README / team deck,IMPLEMENTATION_ROADMAP,Local build + gates and operational/governance readiness,No production readiness or budget validation,PASS — local feasibility,README.md; SOURCE_AND_ASSUMPTION_NOTES.md; IMPLEMENTATION_STATUS.md,Production readiness/budget unknown
EVAL5,Booklet p11,Chemical Domain Relevance,Investigation,Original five RCA decks; DATA_RULES,Compressor lubrication/fouling/standby/partial impact contexts,Engineering validation still needed,PASS — original contexts,src/components/investigation.tsx; data/normalized.json,Engineering validation still required
SUB1,"Booklet p9-10,15 / Casebook p12",Final submission format,Team submission,README_START_HERE; guidePDF,Navigable prototype +3min video +max7slidePDF; English; <=10MB combined,Handoff ZIP/internal guide are not final deliverables,TEAM DELIVERABLE,README.md; WALKTHROUGH.md,Final max7-slidePDF/video/combinedsize/access checks not performed
SUB2,"Booklet p7,15",Submission deadline and first-submission-only,Team submission,IMPLEMENTATION_ROADMAP,4Oct2026 23:59WIB; verify access/size before first upload,Do not upload automatically,TEAM DELIVERABLE,../docs/IMPLEMENTATION_ROADMAP.md,No automatic upload; team handles first submission/deadline
